Assignment,Organization Name
00000C,Cisco Systems Inc
000142,Cisco Systems Inc
000143,Cisco Systems Inc
000196,Cisco Systems Inc
000197,Cisco Systems Inc
00036B,Cisco Systems Inc
000573,Cisco Systems Inc
00059A,Cisco Systems Inc
000785,Cisco Systems Inc
0007B4,Cisco Systems Inc
0008E2,Cisco Systems Inc
0008E3,Cisco Systems Inc
000A41,Cisco Systems Inc
000A8A,Cisco Systems Inc
000B46,Cisco Systems Inc
000BE7,Cisco Systems Inc
000C85,Cisco Systems Inc
000CDD,Cisco Systems Inc
000D28,Cisco Systems Inc
000E08,Cisco Systems Inc
000E39,Cisco Systems Inc
000E83,Cisco Systems Inc
000E84,Cisco Systems Inc
000ED7,Cisco Systems Inc
000EF7,Cisco Systems Inc
001120,Cisco Systems Inc
001121,Cisco Systems Inc
00115C,Cisco Systems Inc
001192,Cisco Systems Inc
001193,Cisco Systems Inc
00127F,Cisco Systems Inc
001280,Cisco Systems Inc
00135F,Cisco Systems Inc
001360,Cisco Systems Inc
00137F,Cisco Systems Inc
001380,Cisco Systems Inc
001469,Cisco Systems Inc
0014A8,Cisco Systems Inc
0014A9,Cisco Systems Inc
0014F1,Cisco Systems Inc
0014F2,Cisco Systems Inc
001562,Cisco Systems Inc
001563,Cisco Systems Inc
0015C6,Cisco Systems Inc
0015C7,Cisco Systems Inc
001646,Cisco Systems Inc
001647,Cisco Systems Inc
00169C,Cisco Systems Inc
00169D,Cisco Systems Inc
00170E,Cisco Systems Inc
00170F,Cisco Systems Inc
00173B,Cisco Systems Inc
001759,Cisco Systems Inc
00175A,Cisco Systems Inc
001794,Cisco Systems Inc
001795,Cisco Systems Inc
0017DF,Cisco Systems Inc
0017E0,Cisco Systems Inc
001818,Cisco Systems Inc
001819,Cisco Systems Inc
001873,Cisco Systems Inc
001874,Cisco Systems Inc
0018B9,Cisco Systems Inc
0018BA,Cisco Systems Inc
00192F,Cisco Systems Inc
001930,Cisco Systems Inc
001955,Cisco Systems Inc
001956,Cisco Systems Inc
0019A9,Cisco Systems Inc
0019AA,Cisco Systems Inc
0019E7,Cisco Systems Inc
0019E8,Cisco Systems Inc
001A2F,Cisco Systems Inc
001A30,Cisco Systems Inc
001A6C,Cisco Systems Inc
001A6D,Cisco Systems Inc
001AA1,Cisco Systems Inc
001AA2,Cisco Systems Inc
001AE2,Cisco Systems Inc
001AE3,Cisco Systems Inc
001B0D,Cisco Systems Inc
001B0E,Cisco Systems Inc
001B2A,Cisco Systems Inc
001B2B,Cisco Systems Inc
001B53,Cisco Systems Inc
001B54,Cisco Systems Inc
001BD4,Cisco Systems Inc
001BD5,Cisco Systems Inc
001C0E,Cisco Systems Inc
001C0F,Cisco Systems Inc
001C57,Cisco Systems Inc
001C58,Cisco Systems Inc
001CB0,Cisco Systems Inc
001CB5,Cisco Systems Inc
001D45,Cisco Systems Inc
001D46,Cisco Systems Inc
001D70,Cisco Systems Inc
001D71,Cisco Systems Inc
001DA1,Cisco Systems Inc
001DA2,Cisco Systems Inc
001DE5,Cisco Systems Inc
001DE6,Cisco Systems Inc
001E13,Cisco Systems Inc
001E14,Cisco Systems Inc
001E49,Cisco Systems Inc
001E4A,Cisco Systems Inc
001E79,Cisco Systems Inc
001E7A,Cisco Systems Inc
001EBD,Cisco Systems Inc
001EBE,Cisco Systems Inc
001F6C,Cisco Systems Inc
001F6D,Cisco Systems Inc
001F9E,Cisco Systems Inc
001F9F,Cisco Systems Inc
001FC9,Cisco Systems Inc
001FCA,Cisco Systems Inc
00211B,Cisco Systems Inc
00211C,Cisco Systems Inc
002155,Cisco Systems Inc
002156,Cisco Systems Inc
0021A0,Cisco Systems Inc
0021A1,Cisco Systems Inc
0021D7,Cisco Systems Inc
0021D8,Cisco Systems Inc
002255,Cisco Systems Inc
002256,Cisco Systems Inc
002290,Cisco Systems Inc
002291,Cisco Systems Inc
0022BD,Cisco Systems Inc
0022BE,Cisco Systems Inc
002304,Cisco Systems Inc
002305,Cisco Systems Inc
002333,Cisco Systems Inc
002334,Cisco Systems Inc
00235D,Cisco Systems Inc
00235E,Cisco Systems Inc
0023AC,Cisco Systems Inc
0023BE,Cisco Systems Inc
0023EA,Cisco Systems Inc
0023EB,Cisco Systems Inc
002413,Cisco Systems Inc
002414,Cisco Systems Inc
002497,Cisco Systems Inc
002498,Cisco Systems Inc
0024C3,Cisco Systems Inc
0024C4,Cisco Systems Inc
0024E8,Cisco Systems Inc
0024F7,Cisco Systems Inc
0024F9,Cisco Systems Inc
002545,Cisco Systems Inc
002546,Cisco Systems Inc
002583,Cisco Systems Inc
002584,Cisco Systems Inc
0025B4,Cisco Systems Inc
0025B5,Cisco Systems Inc
00260B,Cisco Systems Inc
002644,Cisco Systems Inc
002698,Cisco Systems Inc
002699,Cisco Systems Inc
0026CB,Cisco Systems Inc
0026CC,Cisco Systems Inc
00270D,Cisco Systems Inc
00270E,Cisco Systems Inc
002790,Cisco Systems Inc
002791,Cisco Systems Inc
002A6A,Cisco Systems Inc
0038DF,Cisco Systems Inc
003A98,Cisco Systems Inc
003A99,Cisco Systems Inc
003A9A,Cisco Systems Inc
0041D2,Cisco Systems Inc
004268,Cisco Systems Inc
004516,Cisco Systems Inc
00500F,Cisco Systems Inc
005054,Cisco Systems Inc
005073,Cisco Systems Inc
0050E2,Cisco Systems Inc
006009,Cisco Systems Inc
00602F,Cisco Systems Inc
006047,Cisco Systems Inc
006070,Cisco Systems Inc
0062EC,Cisco Systems Inc
007686,Cisco Systems Inc
0081C4,Cisco Systems Inc
008731,Cisco Systems Inc
009021,Cisco Systems Inc
00906D,Cisco Systems Inc
009086,Cisco Systems Inc
009092,Cisco Systems Inc
0090AB,Cisco Systems Inc
0090BF,Cisco Systems Inc
0090F2,Cisco Systems Inc
00A03C,Cisco Systems Inc
00A0F9,Cisco Systems Inc
00A289,Cisco Systems Inc
00A38E,Cisco Systems Inc
00A6CA,Cisco Systems Inc
00B064,Cisco Systems Inc
00B0C2,Cisco Systems Inc
00B8B3,Cisco Systems Inc
00C88B,Cisco Systems Inc
00D003,Cisco Systems Inc
00D058,Cisco Systems Inc
00D079,Cisco Systems Inc
00D097,Cisco Systems Inc
00D0BA,Cisco Systems Inc
00D0BC,Cisco Systems Inc
00D0C5,Cisco Systems Inc
00D0D3,Cisco Systems Inc
00D0E7,Cisco Systems Inc
00D0FF,Cisco Systems Inc
00E014,Cisco Systems Inc
00E01E,Cisco Systems Inc
00E034,Cisco Systems Inc
00E04F,Cisco Systems Inc
00E08F,Cisco Systems Inc
00E0A3,Cisco Systems Inc
00E0B0,Cisco Systems Inc
00E0FE,Cisco Systems Inc
00F28B,Cisco Systems Inc
00F663,Cisco Systems Inc
00F82C,Cisco Systems Inc
00FE57,Cisco Systems Inc
042758,Cisco Systems Inc
046C9D,Cisco Systems Inc
0476B0,Cisco Systems Inc
04C5A4,Cisco Systems Inc
04DA66,Cisco Systems Inc
08000F,Cisco Systems Inc
081735,Cisco Systems Inc
081F71,Cisco Systems Inc
083E8E,Cisco Systems Inc
084F6C,Cisco Systems Inc
0896AD,Cisco Systems Inc
08CC68,Cisco Systems Inc
0C2724,Cisco Systems Inc
0C41E9,Cisco Systems Inc
0C6803,Cisco Systems Inc
0C75BD,Cisco Systems Inc
0C8126,Cisco Systems Inc
0C8525,Cisco Systems Inc
0CD0F8,Cisco Systems Inc
0CD996,Cisco Systems Inc
1005CA,Cisco Systems Inc
101FB5,Cisco Systems Inc
102959,Cisco Systems Inc
104F58,Cisco Systems Inc
105172,Cisco Systems Inc
108C5D,Cisco Systems Inc
10BD18,Cisco Systems Inc
10F311,Cisco Systems Inc
141877,Cisco Systems Inc
14A9D3,Cisco Systems Inc
18339D,Cisco Systems Inc
188090,Cisco Systems Inc
188B45,Cisco Systems Inc
189C5D,Cisco Systems Inc
18EF63,Cisco Systems Inc
1C1448,Cisco Systems Inc
1C1D86,Cisco Systems Inc
1CAA07,Cisco Systems Inc
1CDF0F,Cisco Systems Inc
1CE6C7,Cisco Systems Inc
203706,Cisco Systems Inc
203A07,Cisco Systems Inc
204C9E,Cisco Systems Inc
20A680,Cisco Systems Inc
24169D,Cisco Systems Inc
24792A,Cisco Systems Inc
24B657,Cisco Systems Inc
24C9A1,Cisco Systems Inc
24E9B3,Cisco Systems Inc
283B82,Cisco Systems Inc
285261,Cisco Systems Inc
286F7F,Cisco Systems Inc
28940F,Cisco Systems Inc
28AC9E,Cisco Systems Inc
28C0DA,Cisco Systems Inc
2C3124,Cisco Systems Inc
2C3E5F,Cisco Systems Inc
2C44FD,Cisco Systems Inc
2C542D,Cisco Systems Inc
2C5A0F,Cisco Systems Inc
30372D,Cisco Systems Inc
307BCA,Cisco Systems Inc
3085A9,Cisco Systems Inc
30F70D,Cisco Systems Inc
346288,Cisco Systems Inc
34A84E,Cisco Systems Inc
34BDC8,Cisco Systems Inc
34DBFD,Cisco Systems Inc
380E4D,Cisco Systems Inc
381C1A,Cisco Systems Inc
382056,Cisco Systems Inc
383B89,Cisco Systems Inc
3890A5,Cisco Systems Inc
38A851,Cisco Systems Inc
38B986,Cisco Systems Inc
3C08F6,Cisco Systems Inc
3C0E23,Cisco Systems Inc
3C410E,Cisco Systems Inc
3C5E63,Cisco Systems Inc
3CCE15,Cisco Systems Inc
40017A,Cisco Systems Inc
405539,Cisco Systems Inc
40A8F0,Cisco Systems Inc
40F4EC,Cisco Systems Inc
4403A7,Cisco Systems Inc
442B03,Cisco Systems Inc
44AD39,Cisco Systems Inc
44D3CA,Cisco Systems Inc
485536,Cisco Systems Inc
487746,Cisco Systems Inc
48A714,Cisco Systems Inc
4C0082,Cisco Systems Inc
4C4E35,Cisco Systems Inc
4C776D,Cisco Systems Inc
500604,Cisco Systems Inc
500F80,Cisco Systems Inc
5017FF,Cisco Systems Inc
503DE5,Cisco Systems Inc
5067AE,Cisco Systems Inc
508789,Cisco Systems Inc
5475D0,Cisco Systems Inc
54781A,Cisco Systems Inc
5486BC,Cisco Systems Inc
54A274,Cisco Systems Inc
5835D9,Cisco Systems Inc
588D09,Cisco Systems Inc
58971E,Cisco Systems Inc
58F39C,Cisco Systems Inc
5C5015,Cisco Systems Inc
5C838F,Cisco Systems Inc
5CE883,Cisco Systems Inc
6047C1,Cisco Systems Inc
60735C,Cisco Systems Inc
6400F1,Cisco Systems Inc
649EC7,Cisco Systems Inc
64A0E7,Cisco Systems Inc
64D814,Cisco Systems Inc
64F69D,Cisco Systems Inc
6886A7,Cisco Systems Inc
6899CD,Cisco Systems Inc
68BDAB,Cisco Systems Inc
68CAE5,Cisco Systems Inc
6C2056,Cisco Systems Inc
6C416A,Cisco Systems Inc
6C504D,Cisco Systems Inc
6C9CED,Cisco Systems Inc
70105F,Cisco Systems Inc
706D15,Cisco Systems Inc
70708B,Cisco Systems Inc
708105,Cisco Systems Inc
70CA9B,Cisco Systems Inc
70DB98,Cisco Systems Inc
7426AC,Cisco Systems Inc
7467F7,Cisco Systems Inc
74867A,Cisco Systems Inc
74A02F,Cisco Systems Inc
74A2E6,Cisco Systems Inc
780C77,Cisco Systems Inc
7823AE,Cisco Systems Inc
78725D,Cisco Systems Inc
78BAF9,Cisco Systems Inc
78BC1A,Cisco Systems Inc
7C0ECE,Cisco Systems Inc
7C210E,Cisco Systems Inc
7C310E,Cisco Systems Inc
7C69F6,Cisco Systems Inc
7C95F3,Cisco Systems Inc
80711F,Cisco Systems Inc
80E01D,Cisco Systems Inc
843D16,Cisco Systems Inc
8478AC,Cisco Systems Inc
84802D,Cisco Systems Inc
84B517,Cisco Systems Inc
84B802,Cisco Systems Inc
885A92,Cisco Systems Inc
887556,Cisco Systems Inc
88908D,Cisco Systems Inc
88F031,Cisco Systems Inc
8C604F,Cisco Systems Inc
9025D4,Cisco Systems Inc
903EAB,Cisco Systems Inc
90E710,Cisco Systems Inc
944F4E,Cisco Systems Inc
9457A5,Cisco Systems Inc
946408,Cisco Systems Inc
981888,Cisco Systems Inc
98460A,Cisco Systems Inc
986B35,Cisco Systems Inc
9C57AD,Cisco Systems Inc
A03D6F,Cisco Systems Inc
A0ECF9,Cisco Systems Inc
A44C11,Cisco Systems Inc
A4934C,Cisco Systems Inc
A80C0D,Cisco Systems Inc
A89D21,Cisco Systems Inc
AC44F2,Cisco Systems Inc
ACF2C5,Cisco Systems Inc
B000B4,Cisco Systems Inc
B0AA77,Cisco Systems Inc
B41489,Cisco Systems Inc
B4A4E3,Cisco Systems Inc
B83861,Cisco Systems Inc
B8BEBF,Cisco Systems Inc
BC1665,Cisco Systems Inc
BC671C,Cisco Systems Inc
C0255C,Cisco Systems Inc
C07BBC,Cisco Systems Inc
C40AEE,Cisco Systems Inc
C46413,Cisco Systems Inc
C80084,Cisco Systems Inc
C84C75,Cisco Systems Inc
C89C1D,Cisco Systems Inc
CC46D6,Cisco Systems Inc
CCD539,Cisco Systems Inc
D0574C,Cisco Systems Inc
D0C789,Cisco Systems Inc
D46D50,Cisco Systems Inc
D48C05,Cisco Systems Inc
D867D9,Cisco Systems Inc
DC5A14,Cisco Systems Inc
E02F6D,Cisco Systems Inc
E05FB9,Cisco Systems Inc
E448C7,Cisco Systems Inc
E4D3F1,Cisco Systems Inc
E84040,Cisco Systems Inc
E8BA70,Cisco Systems Inc
EC4476,Cisco Systems Inc
ECEB34,Cisco Systems Inc
F07F06,Cisco Systems Inc
F40F1B,Cisco Systems Inc
F41FCD,Cisco Systems Inc
F4AC47,Cisco Systems Inc
F84F57,Cisco Systems Inc
F866F2,Cisco Systems Inc
F872EA,Cisco Systems Inc
F8C001,Cisco Systems Inc
FC5B39,Cisco Systems Inc
FC9947,Cisco Systems Inc
# Apple Inc
000393,Apple Inc
000502,Apple Inc
000A27,Apple Inc
000A95,Apple Inc
000D93,Apple Inc
0010FA,Apple Inc
001124,Apple Inc
001451,Apple Inc
0016CB,Apple Inc
0017F2,Apple Inc
0019E3,Apple Inc
001B63,Apple Inc
001C43,Apple Inc
001D4F,Apple Inc
001E52,Apple Inc
001E7D,Apple Inc
001F5B,Apple Inc
001FF3,Apple Inc
0021E9,Apple Inc
002241,Apple Inc
002312,Apple Inc
002332,Apple Inc
00236C,Apple Inc
002436,Apple Inc
002500,Apple Inc
00254B,Apple Inc
002608,Apple Inc
00264A,Apple Inc
0026B0,Apple Inc
0026BB,Apple Inc
003EE1,Apple Inc
0050E4,Apple Inc
0056CD,Apple Inc
006171,Apple Inc
006D52,Apple Inc
008865,Apple Inc
00A040,Apple Inc
00C610,Apple Inc
00CDFE,Apple Inc
00DB70,Apple Inc
00F4B9,Apple Inc
040CCE,Apple Inc
041552,Apple Inc
042665,Apple Inc
04489A,Apple Inc
044BED,Apple Inc
045453,Apple Inc
0469F8,Apple Inc
04db56,Apple Inc
04e536,Apple Inc
04f13e,Apple Inc
080007,Apple Inc
086698,Apple Inc
087045,Apple Inc
087402,Apple Inc
08e689,Apple Inc
08f4ab,Apple Inc
0c1539,Apple Inc
0c3021,Apple Inc
0c4de9,Apple Inc
0c74c2,Apple Inc
0c771a,Apple Inc
0cb319,Apple Inc
0cd746,Apple Inc
101c0c,Apple Inc
1040f3,Apple Inc
1093e9,Apple Inc
109add,Apple Inc
10ddb1,Apple Inc
14109f,Apple Inc
14205e,Apple Inc
145a05,Apple Inc
147dd7,Apple Inc
148cf3,Apple Inc
1499e2,Apple Inc
14c213,Apple Inc
182032,Apple Inc
183451,Apple Inc
186590,Apple Inc
18af61,Apple Inc
18e728,Apple Inc
18ee69,Apple Inc
1c1a6e,Apple Inc
1c36bb,Apple Inc
1c5cf2,Apple Inc
1c9148,Apple Inc
1c9e46,Apple Inc
1cb17f,Apple Inc
2078f0,Apple Inc
207d74,Apple Inc
209bcd,Apple Inc
20a2e4,Apple Inc
20ab37,Apple Inc
20c9d0,Apple Inc
20ee28,Apple Inc
241eeb,Apple Inc
24240e,Apple Inc
24a074,Apple Inc
24a2e1,Apple Inc
24ab81,Apple Inc
24e314,Apple Inc
24f094,Apple Inc
280b5c,Apple Inc
285aeb,Apple Inc
286aba,Apple Inc
28cfda,Apple Inc
28e02c,Apple Inc
28e7cf,Apple Inc
28ed6a,Apple Inc
28f076,Apple Inc
2c1f23,Apple Inc
2c200b,Apple Inc
2c3033,Apple Inc
2cbe08,Apple Inc
2cf0ee,Apple Inc
3010b3,Apple Inc
3035ad,Apple Inc
307512,Apple Inc
3090ab,Apple Inc
30d9d9,Apple Inc
30f772,Apple Inc
3408bc,Apple Inc
34159e,Apple Inc
34363b,Apple Inc
3451c9,Apple Inc
34a395,Apple Inc
34ab37,Apple Inc
34c059,Apple Inc
34e2fd,Apple Inc
380f4a,Apple Inc
38484c,Apple Inc
3866f0,Apple Inc
3871de,Apple Inc
38892c,Apple Inc
38caee,Apple Inc
38f9d3,Apple Inc
3c0754,Apple Inc
3c15c2,Apple Inc
3c2eef,Apple Inc
3cd0f8,Apple Inc
3ce072,Apple Inc
403004,Apple Inc
403cfa,Apple Inc
404d7f,Apple Inc
406c8f,Apple Inc
409c28,Apple Inc
40a6d9,Apple Inc
40b4cd,Apple Inc
40cb43,Apple Inc
40d32d,Apple Inc
440010,Apple Inc
442a60,Apple Inc
444c0c,Apple Inc
447477,Apple Inc
448500,Apple Inc
449160,Apple Inc
44d884,Apple Inc
48437c,Apple Inc
484baa,Apple Inc
4860bc,Apple Inc
48a91c,Apple Inc
48bf6b,Apple Inc
48d705,Apple Inc
48e9f1,Apple Inc
4c3275,Apple Inc
4c57ca,Apple Inc
4c7403,Apple Inc
4c8d79,Apple Inc
4cb199,Apple Inc
50bc96,Apple Inc
50ea40,Apple Inc
542696,Apple Inc
544e90,Apple Inc
54724f,Apple Inc
549963,Apple Inc
54ae27,Apple Inc
54e43a,Apple Inc
581fae,Apple Inc
58404e,Apple Inc
5855ca,Apple Inc
58b035,Apple Inc
5c879c,Apple Inc
5c95ae,Apple Inc
5c969d,Apple Inc
5cf938,Apple Inc
600308,Apple Inc
6030d4,Apple Inc
60334b,Apple Inc
606944,Apple Inc
608334,Apple Inc
609217,Apple Inc
60a44c,Apple Inc
60c547,Apple Inc
60d9c7,Apple Inc
60f445,Apple Inc
60faed,Apple Inc
64200c,Apple Inc
647033,Apple Inc
6476ba,Apple Inc
64899a,Apple Inc
64a3cb,Apple Inc
64b0a6,Apple Inc
64b9e8,Apple Inc
64c753,Apple Inc
680927,Apple Inc
685b35,Apple Inc
68644b,Apple Inc
68967b,Apple Inc
68a86d,Apple Inc
68ae20,Apple Inc
68d93c,Apple Inc
68fb7e,Apple Inc
6c19c0,Apple Inc
6c3e6d,Apple Inc
6c4008,Apple Inc
6c709f,Apple Inc
6c72e7,Apple Inc
6c8d77,Apple Inc
6c9466,Apple Inc
6c96cf,Apple Inc
6cadf8,Apple Inc
701124,Apple Inc
7014a6,Apple Inc
703eac,Apple Inc
70700d,Apple Inc
70a2b3,Apple Inc
70cd60,Apple Inc
70de39,Apple Inc
70ecda,Apple Inc
741b68,Apple Inc
743170,Apple Inc
748114,Apple Inc
748d08,Apple Inc
74b587,Apple Inc
74e1b6,Apple Inc
74e2f5,Apple Inc
7831c1,Apple Inc
784f43,Apple Inc
7867d7,Apple Inc
787b8a,Apple Inc
788801,Apple Inc
789f70,Apple Inc
78ca39,Apple Inc
78fd94,Apple Inc
7c0191,Apple Inc
7c04d0,Apple Inc
7c5049,Apple Inc
7c6df8,Apple Inc
7c6d62,Apple Inc
7cf05f,Apple Inc
80006e,Apple Inc
804971,Apple Inc
80929f,Apple Inc
80b03d,Apple Inc
80be05,Apple Inc
80d605,Apple Inc
80ea96,Apple Inc
8425db,Apple Inc
843835,Apple Inc
84788b,Apple Inc
848506,Apple Inc
848e0c,Apple Inc
84a134,Apple Inc
84fcfe,Apple Inc
881fabb,Apple Inc
8866a5,Apple Inc
886b6e,Apple Inc
88cb87,Apple Inc
88e87f,Apple Inc
8c006d,Apple Inc
8c2937,Apple Inc
8c5877,Apple Inc
8c7b9d,Apple Inc
8c8590,Apple Inc
8cf5ac,Apple Inc
9027e4,Apple Inc
907240,Apple Inc
90840d,Apple Inc
909c4a,Apple Inc
90b0ed,Apple Inc
90b21f,Apple Inc
90c1c6,Apple Inc
90fd61,Apple Inc
94103e,Apple Inc
94e96a,Apple Inc
94f6a3,Apple Inc
9800c6,Apple Inc
9801a7,Apple Inc
9810e8,Apple Inc
985aeb,Apple Inc
989e63,Apple Inc
98b8e3,Apple Inc
98d6bb,Apple Inc
98e0d9,Apple Inc
9c04eb,Apple Inc
9c207b,Apple Inc
9c293f,Apple Inc
9c35eb,Apple Inc
9cf387,Apple Inc
a01828,Apple Inc
a03bef,Apple Inc
a0999b,Apple Inc
a0edcd,Apple Inc
a43135,Apple Inc
a45e60,Apple Inc
a46706,Apple Inc
a483e7,Apple Inc
a4b197,Apple Inc
a4c361,Apple Inc
a4d18c,Apple Inc
a4e975,Apple Inc
a82066,Apple Inc
a8515b,Apple Inc
a85b78,Apple Inc
a860b6,Apple Inc
a8667f,Apple Inc
a88808,Apple Inc
a88e24,Apple Inc
a8968a,Apple Inc
a8bbcf,Apple Inc
a8fa9b,Apple Inc
ac1f74,Apple Inc
ac293a,Apple Inc
ac3c0b,Apple Inc
ac7289,Apple Inc
ac87a3,Apple Inc
acbc32,Apple Inc
acf7f3,Apple Inc
b019c6,Apple Inc
b03495,Apple Inc
b0481a,Apple Inc
b065bd,Apple Inc
b0702d,Apple Inc
b418d1,Apple Inc
b48b19,Apple Inc
b49cbf,Apple Inc
b4f0ab,Apple Inc
b8098a,Apple Inc
b817c2,Apple Inc
b844d9,Apple Inc
b853ac,Apple Inc
b8782e,Apple Inc
b88d12,Apple Inc
b8c75d,Apple Inc
b8e856,Apple Inc
b8f6b1,Apple Inc
b8ff61,Apple Inc
bc4c85,Apple Inc
bc52b7,Apple Inc
bc5436,Apple Inc
bc6c21,Apple Inc
bc926b,Apple Inc
bce143,Apple Inc
c0847a,Apple Inc
c09f42,Apple Inc
c0a53e,Apple Inc
c0b658,Apple Inc
c0ccf8,Apple Inc
c0cecd,Apple Inc
c0d012,Apple Inc
c42c03,Apple Inc
c4618b,Apple Inc
c48466,Apple Inc
c49880,Apple Inc
c4b301,Apple Inc
c81e8e,Apple Inc
c82a14,Apple Inc
c8334b,Apple Inc
c869cd,Apple Inc
c88550,Apple Inc
c8b5b7,Apple Inc
c8bc60,Apple Inc
c8e0eb,Apple Inc
c8f650,Apple Inc
cc088d,Apple Inc
cc25ef,Apple Inc
cc29f5,Apple Inc
cc4463,Apple Inc
d0034b,Apple Inc
d023db,Apple Inc
d04f7e,Apple Inc
d0817a,Apple Inc
d0a637,Apple Inc
d0c5f3,Apple Inc
d4619d,Apple Inc
d4909c,Apple Inc
d4a33d,Apple Inc
d4dc04,Apple Inc
d4f46f,Apple Inc
d8004d,Apple Inc
d81ce7,Apple Inc
d83062,Apple Inc
d89695,Apple Inc
d89e3f,Apple Inc
d8a25e,Apple Inc
d8bb2c,Apple Inc
d8cf9c,Apple Inc
dc2b61,Apple Inc
dc3714,Apple Inc
dc415f,Apple Inc
dc5285,Apple Inc
dc86d8,Apple Inc
dca904,Apple Inc
e05163,Apple Inc
e06678,Apple Inc
e0accb,Apple Inc
e0b9ba,Apple Inc
e0c767,Apple Inc
e0f5c6,Apple Inc
e0f847,Apple Inc
e425e7,Apple Inc
e48b7f,Apple Inc
e49a79,Apple Inc
e4ce8f,Apple Inc
e8040b,Apple Inc
e80688,Apple Inc
e8802e,Apple Inc
e88d28,Apple Inc
ec3586,Apple Inc
ec852f,Apple Inc
f01898,Apple Inc
f02475,Apple Inc
f07959,Apple Inc
f0989d,Apple Inc
f099bf,Apple Inc
f0b0e7,Apple Inc
f0c1f1,Apple Inc
f0dbf8,Apple Inc
f0f61c,Apple Inc
f40e01,Apple Inc
f41b01,Apple Inc
f437b7,Apple Inc
f45c89,Apple Inc
f4f15a,Apple Inc
f4f951,Apple Inc
f81ed3,Apple Inc
f82793,Apple Inc
f83880,Apple Inc
f86214,Apple Inc
f895c7,Apple Inc
f8a9d0,Apple Inc
f8e079,Apple Inc
fc183c,Apple Inc
fceb65,Apple Inc
# Intel Corporate
0002B3,Intel Corporate
000347,Intel Corporate
000423,Intel Corporate
0007E9,Intel Corporate
000C76,Intel Corporate
000C86,Intel Corporate
000CF1,Intel Corporate
000E0C,Intel Corporate
000E35,Intel Corporate
001111,Intel Corporate
0012F0,Intel Corporate
001302,Intel Corporate
001320,Intel Corporate
0013CE,Intel Corporate
0013E8,Intel Corporate
001500,Intel Corporate
001517,Intel Corporate
00166F,Intel Corporate
001676,Intel Corporate
0016EA,Intel Corporate
0016EB,Intel Corporate
0018DE,Intel Corporate
0019D1,Intel Corporate
001B21,Intel Corporate
001B77,Intel Corporate
001C23,Intel Corporate
001C26,Intel Corporate
001C7F,Intel Corporate
001D09,Intel Corporate
001D6B,Intel Corporate
001D72,Intel Corporate
001D92,Intel Corporate
001DE0,Intel Corporate
001E64,Intel Corporate
001E65,Intel Corporate
001E67,Intel Corporate
001F3B,Intel Corporate
001F3C,Intel Corporate
00215C,Intel Corporate
00216A,Intel Corporate
00216B,Intel Corporate
0022FB,Intel Corporate
002314,Intel Corporate
002315,Intel Corporate
0024D6,Intel Corporate
0024D7,Intel Corporate
0025D3,Intel Corporate
0026C6,Intel Corporate
0026C7,Intel Corporate
00270E,Intel Corporate
002710,Intel Corporate
008037,Intel Corporate
00A0C9,Intel Corporate
00AA00,Intel Corporate
00D0B7,Intel Corporate
00E018,Intel Corporate
28704E,Intel Corporate
3413E8,Intel Corporate
3C5282,Intel Corporate
4851B7,Intel Corporate
48E244,Intel Corporate
4C3488,Intel Corporate
507B9D,Intel Corporate
548D5A,Intel Corporate
5891CF,Intel Corporate
5C80B6,Intel Corporate
606C66,Intel Corporate
685D43,Intel Corporate
6C8814,Intel Corporate
7440BB,Intel Corporate
7C8BCA,Intel Corporate
8086F2,Intel Corporate
84A93E,Intel Corporate
8C8590,Intel Corporate
902E16,Intel Corporate
94659C,Intel Corporate
98AF65,Intel Corporate
A036BC,Intel Corporate
A0510B,Intel Corporate
A0C589,Intel Corporate
A44E31,Intel Corporate
A4C494,Intel Corporate
AC7289,Intel Corporate
B46D83,Intel Corporate
B49691,Intel Corporate
C85B76,Intel Corporate
CC3540,Intel Corporate
D4F5EF,Intel Corporate
DC5360,Intel Corporate
E09467,Intel Corporate
F8633F,Intel Corporate
# Espressif Inc (ESP8266 / ESP32)
18FE34,Espressif Inc
240AC4,Espressif Inc
2462AB,Espressif Inc
246F28,Espressif Inc
24A160,Espressif Inc
24B2DE,Espressif Inc
24D7EB,Espressif Inc
2C3AE8,Espressif Inc
2CF432,Espressif Inc
308398,Espressif Inc
30AEA4,Espressif Inc
348518,Espressif Inc
34865D,Espressif Inc
349454,Espressif Inc
34AB95,Espressif Inc
34B7DA,Espressif Inc
3C6105,Espressif Inc
3C71BF,Espressif Inc
3C8427,Espressif Inc
4022D8,Espressif Inc
409151,Espressif Inc
40F520,Espressif Inc
441793,Espressif Inc
483FDA,Espressif Inc
485519,Espressif Inc
4C11AE,Espressif Inc
4C7525,Espressif Inc
500291,Espressif Inc
5443B2,Espressif Inc
545A46,Espressif Inc
58BF25,Espressif Inc
5C043E,Espressif Inc
5C09CF,Espressif Inc
600194,Espressif Inc
6055F9,Espressif Inc
68B6B3,Espressif Inc
68C63A,Espressif Inc
70039F,Espressif Inc
744DBE,Espressif Inc
78E36D,Espressif Inc
7C87CE,Espressif Inc
7CDFA1,Espressif Inc
807D3A,Espressif Inc
840D8E,Espressif Inc
84C2E4,Espressif Inc
84CCA8,Espressif Inc
84F3EB,Espressif Inc
8C4B14,Espressif Inc
8CAAB5,Espressif Inc
90380A,Espressif Inc
943CC6,Espressif Inc
94B555,Espressif Inc
94B97E,Espressif Inc
94E686,Espressif Inc
98CDAC,Espressif Inc
98F4AB,Espressif Inc
A020A6,Espressif Inc
A0764E,Espressif Inc
A47B9D,Espressif Inc
A4CF12,Espressif Inc
A8032A,Espressif Inc
A842E3,Espressif Inc
A848FA,Espressif Inc
AC67B2,Espressif Inc
ACC677,Espressif Inc
B4E62D,Espressif Inc
B8D61A,Espressif Inc
B8F009,Espressif Inc
BCDD4B,Espressif Inc
C049EF,Espressif Inc
C44F33,Espressif Inc
C45BBE,Espressif Inc
C4DD57,Espressif Inc
C82B96,Espressif Inc
C8C9A3,Espressif Inc
CC50E3,Espressif Inc
D48AF0,Espressif Inc
D4D4DA,Espressif Inc
D8A01D,Espressif Inc
DC4F22,Espressif Inc
E05A1B,Espressif Inc
E09806,Espressif Inc
E465B8,Espressif Inc
E831CD,Espressif Inc
E868E7,Espressif Inc
E89F6D,Espressif Inc
E8DB84,Espressif Inc
EC6260,Espressif Inc
EC94CB,Espressif Inc
ECDA3B,Espressif Inc
F008D1,Espressif Inc
F412FA,Espressif Inc
F4CF74,Espressif Inc
# Raspberry Pi Foundation
B827EB,Raspberry Pi Foundation
DCA632,Raspberry Pi Foundation
E45F01,Raspberry Pi Foundation
28CDC1,Raspberry Pi Trading Ltd
# TP-Link Technologies
000A3A,TP-Link Technologies Co Ltd
001478,TP-Link Technologies Co Ltd
0019E0,TP-Link Technologies Co Ltd
001D0F,TP-Link Technologies Co Ltd
002127,TP-Link Technologies Co Ltd
0023CD,TP-Link Technologies Co Ltd
002586,TP-Link Technologies Co Ltd
002719,TP-Link Technologies Co Ltd
14CC20,TP-Link Technologies Co Ltd
14CF92,TP-Link Technologies Co Ltd
14D64D,TP-Link Technologies Co Ltd
18A6F7,TP-Link Technologies Co Ltd
18D6C7,TP-Link Technologies Co Ltd
1C3BF3,TP-Link Technologies Co Ltd
1C40E8,TP-Link Technologies Co Ltd
204E7F,TP-Link Technologies Co Ltd
24050F,TP-Link Technologies Co Ltd
24DF6A,TP-Link Technologies Co Ltd
282C02,TP-Link Technologies Co Ltd
28EE52,TP-Link Technologies Co Ltd
30B5C2,TP-Link Technologies Co Ltd
30DE4B,TP-Link Technologies Co Ltd
3476C5,TP-Link Technologies Co Ltd
349672,TP-Link Technologies Co Ltd
388345,TP-Link Technologies Co Ltd
3894ED,TP-Link Technologies Co Ltd
3C46D8,TP-Link Technologies Co Ltd
40169F,TP-Link Technologies Co Ltd
403F8C,TP-Link Technologies Co Ltd
482254,TP-Link Technologies Co Ltd
502B73,TP-Link Technologies Co Ltd
503AA0,TP-Link Technologies Co Ltd
50C7BF,TP-Link Technologies Co Ltd
50D4F7,TP-Link Technologies Co Ltd
54AF97,TP-Link Technologies Co Ltd
54C80F,TP-Link Technologies Co Ltd
54E6FC,TP-Link Technologies Co Ltd
54EF44,TP-Link Technologies Co Ltd
58639C,TP-Link Technologies Co Ltd
5C63BF,TP-Link Technologies Co Ltd
6032B1,TP-Link Technologies Co Ltd
60A4B7,TP-Link Technologies Co Ltd
645601,TP-Link Technologies Co Ltd
6466B3,TP-Link Technologies Co Ltd
647002,TP-Link Technologies Co Ltd
68FF7B,TP-Link Technologies Co Ltd
704F57,TP-Link Technologies Co Ltd
7405A5,TP-Link Technologies Co Ltd
74DA38,TP-Link Technologies Co Ltd
78A183,TP-Link Technologies Co Ltd
788A20,TP-Link Technologies Co Ltd
8416F9,TP-Link Technologies Co Ltd
84D81B,TP-Link Technologies Co Ltd
882593,TP-Link Technologies Co Ltd
8C210A,TP-Link Technologies Co Ltd
909A4A,TP-Link Technologies Co Ltd
90F652,TP-Link Technologies Co Ltd
940C6D,TP-Link Technologies Co Ltd
984827,TP-Link Technologies Co Ltd
98DE2E,TP-Link Technologies Co Ltd
9CFCE7,TP-Link Technologies Co Ltd
A0F3C1,TP-Link Technologies Co Ltd
A42BB0,TP-Link Technologies Co Ltd
AC84C6,TP-Link Technologies Co Ltd
B04E26,TP-Link Technologies Co Ltd
B09575,TP-Link Technologies Co Ltd
B40F3B,TP-Link Technologies Co Ltd
B8D812,TP-Link Technologies Co Ltd
BC4699,TP-Link Technologies Co Ltd
C006C3,TP-Link Technologies Co Ltd
C025E9,TP-Link Technologies Co Ltd
C04A00,TP-Link Technologies Co Ltd
C46E1F,TP-Link Technologies Co Ltd
C83A35,TP-Link Technologies Co Ltd
CC32E5,TP-Link Technologies Co Ltd
D807B6,TP-Link Technologies Co Ltd
D84732,TP-Link Technologies Co Ltd
DC094C,TP-Link Technologies Co Ltd
E4C32A,TP-Link Technologies Co Ltd
E848B8,TP-Link Technologies Co Ltd
E894F6,TP-Link Technologies Co Ltd
EC086B,TP-Link Technologies Co Ltd
EC172F,TP-Link Technologies Co Ltd
F07959,TP-Link Technologies Co Ltd
F4EC38,TP-Link Technologies Co Ltd
F4F26D,TP-Link Technologies Co Ltd
# Netgear Inc
00095B,Netgear Inc
000FB5,Netgear Inc
00146C,Netgear Inc
00184D,Netgear Inc
001B2F,Netgear Inc
001E2A,Netgear Inc
001F33,Netgear Inc
00223F,Netgear Inc
0024B2,Netgear Inc
0026F2,Netgear Inc
04A151,Netgear Inc
08028E,Netgear Inc
0836C9,Netgear Inc
08BD43,Netgear Inc
100C6B,Netgear Inc
100D7F,Netgear Inc
10DA43,Netgear Inc
1459C0,Netgear Inc
204E71,Netgear Inc
20E52A,Netgear Inc
24B620,Netgear Inc
288088,Netgear Inc
28C68E,Netgear Inc
2C3033,Netgear Inc
2CB05D,Netgear Inc
30469A,Netgear Inc
3894ED,Netgear Inc
4494FC,Netgear Inc
4C60DE,Netgear Inc
506A03,Netgear Inc
6C198F,Netgear Inc
6CB0CE,Netgear Inc
704D7B,Netgear Inc
744401,Netgear Inc
841B5E,Netgear Inc
84A423,Netgear Inc
8CA6DF,Netgear Inc
9C3DCF,Netgear Inc
A00460,Netgear Inc
A021B7,Netgear Inc
A42B8C,Netgear Inc
B03956,Netgear Inc
B07F29,Netgear Inc
B8A386,Netgear Inc
C03F0E,Netgear Inc
C0FFD4,Netgear Inc
C40415,Netgear Inc
CC40D0,Netgear Inc
D86CE9,Netgear Inc
E0469A,Netgear Inc
E4F4C6,Netgear Inc
# Ubiquiti Inc
00156D,Ubiquiti Inc
002722,Ubiquiti Inc
0418D6,Ubiquiti Inc
18E829,Ubiquiti Inc
245A4C,Ubiquiti Inc
24A43C,Ubiquiti Inc
44D9E7,Ubiquiti Inc
68D79A,Ubiquiti Inc
70A741,Ubiquiti Inc
7483C2,Ubiquiti Inc
788A20,Ubiquiti Inc
802AA8,Ubiquiti Inc
944452,Ubiquiti Inc
AC8BA9,Ubiquiti Inc
B4FBE4,Ubiquiti Inc
DC9FDB,Ubiquiti Inc
E063DA,Ubiquiti Inc
F09FC2,Ubiquiti Inc
FCECDA,Ubiquiti Inc
# Google LLC
001A11,Google LLC
18D61C,Google LLC
20DFB9,Google LLC
30FD38,Google LLC
3C5AB4,Google LLC
48D6D5,Google LLC
546009,Google LLC
7032D5,Google LLC
74C63B,Google LLC
94EB2C,Google LLC
A47733,Google LLC
D4F547,Google LLC
E4F042,Google LLC
F40343,Google LLC
F4F5D8,Google LLC
# Samsung Electronics
0007AB,Samsung Electronics Co Ltd
001247,Samsung Electronics Co Ltd
001599,Samsung Electronics Co Ltd
00166C,Samsung Electronics Co Ltd
001D25,Samsung Electronics Co Ltd
0021D2,Samsung Electronics Co Ltd
002339,Samsung Electronics Co Ltd
002637,Samsung Electronics Co Ltd
08FC88,Samsung Electronics Co Ltd
1489FD,Samsung Electronics Co Ltd
14F42A,Samsung Electronics Co Ltd
181E78,Samsung Electronics Co Ltd
183F47,Samsung Electronics Co Ltd
1867B0,Samsung Electronics Co Ltd
244B03,Samsung Electronics Co Ltd
247189,Samsung Electronics Co Ltd
28987B,Samsung Electronics Co Ltd
30074D,Samsung Electronics Co Ltd
342387,Samsung Electronics Co Ltd
380197,Samsung Electronics Co Ltd
38AA3C,Samsung Electronics Co Ltd
4480EB,Samsung Electronics Co Ltd
4844F7,Samsung Electronics Co Ltd
4C3C16,Samsung Electronics Co Ltd
50A4C8,Samsung Electronics Co Ltd
5492BE,Samsung Electronics Co Ltd
58C5CB,Samsung Electronics Co Ltd
5C3C27,Samsung Electronics Co Ltd
641CB0,Samsung Electronics Co Ltd
64B310,Samsung Electronics Co Ltd
6C2F2C,Samsung Electronics Co Ltd
70288B,Samsung Electronics Co Ltd
78471D,Samsung Electronics Co Ltd
801934,Samsung Electronics Co Ltd
842519,Samsung Electronics Co Ltd
843838,Samsung Electronics Co Ltd
8455A5,Samsung Electronics Co Ltd
88329B,Samsung Electronics Co Ltd
90187C,Samsung Electronics Co Ltd
9463D1,Samsung Electronics Co Ltd
9C2A83,Samsung Electronics Co Ltd
A00BBA,Samsung Electronics Co Ltd
A80600,Samsung Electronics Co Ltd
B0C554,Samsung Electronics Co Ltd
B407F9,Samsung Electronics Co Ltd
BC4486,Samsung Electronics Co Ltd
C4731E,Samsung Electronics Co Ltd
CC07AB,Samsung Electronics Co Ltd
D022BE,Samsung Electronics Co Ltd
D487D8,Samsung Electronics Co Ltd
D890E8,Samsung Electronics Co Ltd
E47CF9,Samsung Electronics Co Ltd
EC1F72,Samsung Electronics Co Ltd
F47B5E,Samsung Electronics Co Ltd
F8042E,Samsung Electronics Co Ltd
# Sony Interactive / Electronics
00041F,Sony Interactive Entertainment Inc
001315,Sony Interactive Entertainment Inc
0015C1,Sony Interactive Entertainment Inc
0019C5,Sony Interactive Entertainment Inc
001D0D,Sony Interactive Entertainment Inc
00248D,Sony Interactive Entertainment Inc
709E29,Sony Interactive Entertainment Inc
A8E3EE,Sony Interactive Entertainment Inc
BC60A7,Sony Interactive Entertainment Inc
D8CE3A,Sony Interactive Entertainment Inc
E0AE5E,Sony Interactive Entertainment Inc
FC0F4B,Sony Interactive Entertainment Inc
# Flipper Devices Inc
10061C,Flipper Devices Inc
